YearQuarter,HPI,CrimeRate,MortgageRate,Unemployment,MedianIncome
1990Q1,76.43,41.008659,10.1315,3.8,27290.0
1990Q2,76.58,41.008659,10.3238,3.5,27290.0
1990Q3,78.72,41.008659,10.1031,4.0,27290.0
1990Q4,78.86,41.008659,9.9592,4.2,27290.0
1991Q1,81.22,41.34025,9.5008,4.467,28550.0
1991Q2,80.31,41.34025,9.5223,4.2,28550.0
1991Q3,82.2,41.34025,9.2731,4.1,28550.0
1991Q4,84.66,41.34025,8.69,3.933,28550.0
1992Q1,85.06,39.571479,8.6885,4.167,28740.0
1992Q2,85.86,39.571479,8.6777,3.8,28740.0
1992Q3,88.45,39.571479,8.0177,3.7,28740.0
1992Q4,87.74,39.571479,8.1921,3.3,28740.0
1993Q1,90.15,38.464463,7.7233,3.8,28660.0
1993Q2,91.07,38.464463,7.4531,3.3,28660.0
1993Q3,93.28,38.464463,7.0877,3.1,28660.0
1993Q4,94.14,38.464463,7.0464,2.933,28660.0
1994Q1,95.08,36.546129,7.2958,3.5,33080.0
1994Q2,99.24,36.546129,8.4277,2.933,33080.0
1994Q3,98.49,36.546129,8.5943,2.9,33080.0
1994Q4,100.24,36.546129,9.1054,2.8,33080.0
1995Q1,100.0,41.018649,8.7854,3.133,35520.0
1995Q2,101.88,41.018649,7.9177,2.9,35520.0
1995Q3,105.59,41.018649,7.6962,2.867,35520.0
1995Q4,105.88,41.018649,7.3392,2.633,35520.0
1996Q1,106.09,36.48913,7.2723,3.0,33210.0
1996Q2,108.75,36.48913,8.1023,2.667,33210.0
1996Q3,109.03,36.48913,8.1469,2.6,33210.0
1996Q4,108.52,36.48913,7.7031,2.533,33210.0
1997Q1,112.85,38.158135,7.7931,2.767,33780.0
1997Q2,114.8,38.158135,7.9269,2.567,33780.0
1997Q3,114.93,38.158135,7.47,2.667,33780.0
1997Q4,116.54,38.158135,7.2054,2.467,33780.0
1998Q1,116.75,35.006289,7.05,2.633,37020.0
1998Q2,118.37,35.006289,7.0977,2.6,37020.0
1998Q3,121.63,35.006289,6.8723,2.667,37020.0
1998Q4,122.6,35.006289,6.7643,2.3,37020.0
1999Q1,123.22,32.235513,6.8775,2.367,41100.0
1999Q2,125.85,32.235513,7.1815,2.233,41100.0
1999Q3,126.52,32.235513,7.7862,2.233,41100.0
1999Q4,125.74,32.235513,7.8407,1.9,41100.0
2000Q1,126.52,32.337499,8.2569,2.1,40990.0
2000Q2,129.34,32.337499,8.3162,1.767,40990.0
2000Q3,131.19,32.337499,8.02,1.867,40990.0
2000Q4,132.44,32.337499,7.6208,1.767,40990.0
2001Q1,134.27,32.912717,7.0069,2.467,40980.0
2001Q2,136.17,32.912717,7.13,2.167,40980.0
2001Q3,137.44,32.912717,6.9638,2.133,40980.0
2001Q4,138.92,32.912717,6.7708,2.333,40980.0
2002Q1,140.17,34.492684,6.9715,2.9,41050.0
2002Q2,139.79,34.492684,6.8131,2.667,41050.0
2002Q3,142.47,34.492684,6.2892,2.733,41050.0
2002Q4,143.44,34.492684,6.0754,2.567,41050.0
2003Q1,144.02,32.539015,5.8408,3.233,41380.0
2003Q2,144.72,32.539015,5.5069,3.033,41380.0
2003Q3,147.45,32.539015,6.0338,3.033,41380.0
2003Q4,151.2,32.539015,5.9193,2.667,41380.0
2004Q1,151.38,31.92586,5.5975,3.033,43390.0
2004Q2,154.1,31.92586,6.1062,3.0,43390.0
2004Q3,155.11,31.92586,5.8943,3.233,43390.0
2004Q4,155.74,31.92586,5.7362,3.1,43390.0
2005Q1,156.4,31.382987,5.7685,3.533,46500.0
2005Q2,159.27,31.382987,5.7085,3.2,46500.0
2005Q3,162.66,31.382987,5.7638,3.0,46500.0
2005Q4,162.41,31.382987,6.2262,2.933,46500.0
2006Q1,163.25,30.858946,6.2469,2.933,48130.0
2006Q2,164.19,30.858946,6.6023,2.633,48130.0
2006Q3,162.49,30.858946,6.56,2.667,48130.0
2006Q4,164.48,30.858946,6.2438,2.433,48130.0
2007Q1,166.03,29.102296,6.2146,2.967,48910.0
2007Q2,168.94,29.102296,6.3585,3.0,48910.0
2007Q3,167.55,29.102296,6.5515,2.933,48910.0
2007Q4,168.65,29.102296,6.2246,2.733,48910.0
2008Q1,169.56,27.363846,5.8723,3.133,50140.0
2008Q2,167.2,27.363846,6.0869,3.133,50140.0
2008Q3,166.76,27.363846,6.3223,3.4,50140.0
2008Q4,166.92,27.363846,5.8414,3.267,50140.0
2009Q1,169.5,26.119934,5.06,5.1,50720.0
2009Q2,168.63,26.119934,5.0123,5.3,50720.0
2009Q3,166.59,26.119934,5.1623,5.3,50720.0
2009Q4,167.54,26.119934,4.9221,4.7,50720.0
2010Q1,163.16,25.221608,4.9958,5.333,49020.0
2010Q2,166.87,25.221608,4.9223,4.533,49020.0
2010Q3,167.14,25.221608,4.4471,4.467,49020.0
2010Q4,167.85,25.221608,4.4362,4.067,49020.0
2011Q1,163.27,26.084683,4.8469,4.633,50220.0
2011Q2,162.35,26.084683,4.6508,4.2,50220.0
2011Q3,166.39,26.084683,4.2915,4.333,50220.0
2011Q4,166.51,26.084683,4.0023,3.7,50220.0
2012Q1,166.13,25.535936,3.9223,4.033,53440.0
2012Q2,165.18,25.535936,3.7946,3.767,53440.0
2012Q3,167.11,25.535936,3.5538,3.8,53440.0
2012Q4,168.09,25.535936,3.3592,3.3,53440.0
2013Q1,169.39,24.712346,3.4969,3.867,60160.0
2013Q2,169.61,24.712346,3.6723,3.533,60160.0
2013Q3,171.55,24.712346,4.44,3.6,60160.0
2013Q4,176.0,24.712346,4.2931,2.967,60160.0
2014Q1,172.23,23.664399,4.3646,3.433,57810.0
2014Q2,176.39,23.664399,4.2277,2.933,57810.0
2014Q3,179.19,23.664399,4.1354,3.167,57810.0
2014Q4,180.54,23.664399,3.9636,2.467,57810.0
2015Q1,179.28,23.480804,3.7167,2.8,60860.0
2015Q2,183.25,23.480804,3.8192,2.667,60860.0
2015Q3,184.14,23.480804,3.9546,2.633,60860.0
2015Q4,186.05,23.480804,3.8979,2.267,60860.0
2016Q1,187.14,23.766602,3.7385,2.833,59090.0
2016Q2,191.65,23.766602,3.5892,2.6,59090.0
2016Q3,191.74,23.766602,3.4462,2.867,59090.0
2016Q4,194.21,23.766602,3.8423,2.167,59090.0
2017Q1,192.46,23.759105,4.1731,2.533,63470.0
2017Q2,200.07,23.759105,3.98,2.2,63470.0
2017Q3,203.01,23.759105,3.8838,2.433,63470.0
2017Q4,201.65,23.759105,3.9223,1.7,63470.0
2018Q1,200.52,20.747833,4.2823,2.133,68720.0
2018Q2,207.26,20.747833,4.5446,1.833,68720.0
2018Q3,206.74,20.747833,4.5669,1.9,68720.0
2018Q4,205.45,20.747833,4.7846,1.567,68720.0
2019Q1,208.4,20.002409,4.3738,2.133,66050.0
2019Q2,212.54,20.002409,4.0108,2.0,66050.0
2019Q3,214.4,20.002409,3.6585,2.233,66050.0
2019Q4,215.31,20.002409,3.7,1.833,66050.0
